{"cameraMode":{"drawMode":0,"name":"Shaded","section":"Shading Mode"},"sceneLighting":true,"audioPlay":false,"sceneViewState":{"m_AlwaysRefresh":false,"showFog":true,"showSkybox":true,"showFlares":true,"showImageEffects":true,"showParticleSystems":true,"showVisualEffectGraphs":true,"m_FxEnabled":true},"in2DMode":false,"pivot":{"x":0.8182597160339356,"y":3.9162440299987795,"z":-4.475731372833252},"rotation":{"x":0.0010816261637955905,"y":0.998270571231842,"z":-0.019468745216727258,"w":0.05546097457408905},"size":5.395477294921875,"orthographic":false}