{"cameraMode":{"drawMode":0,"name":"Shaded","section":"Shading Mode"},"sceneLighting":true,"audioPlay":false,"sceneViewState":{"m_AlwaysRefresh":false,"showFog":true,"showSkybox":true,"showFlares":true,"showImageEffects":true,"showParticleSystems":true,"showVisualEffectGraphs":true,"m_FxEnabled":true},"in2DMode":false,"pivot":{"x":0.6796586513519287,"y":3.57977557182312,"z":-0.22684311866760255},"rotation":{"x":0.0010816261637955905,"y":0.998270571231842,"z":-0.019468745216727258,"w":0.05546097457408905},"size":4.595742702484131,"orthographic":false}