{"cameraMode":{"drawMode":0,"name":"Shaded","section":"Shading Mode"},"sceneLighting":false,"audioPlay":false,"sceneViewState":{"showFog":false,"showMaterialUpdate":false,"showSkybox":false,"showFlares":false,"showImageEffects":false,"showParticleSystems":false,"showVisualEffectGraphs":true,"m_FxEnabled":true},"in2DMode":false,"pivot":{"x":0.0026045930571854116,"y":1.2956568002700806,"z":0.06326872110366821},"rotation":{"x":-0.033303577452898028,"y":-0.0009023231104947627,"z":0.00002978237534989603,"w":-0.9994466304779053},"size":0.38923102617263796,"orthographic":false}